"Id";"Designator";"Package";"Quantity";"Designation";"Supplier and ref";
1;"REF**,REF**";"MountingHole_5mm";2;"MountingHole_5mm";;;
2;"C1,C2,C3,C4,C5,C6,C7,C8,C9,C10,C11,C12,C13,C14,C15";"C_0805_2012Metric_Pad1.15x1.40mm_HandSolder";15;"104";;;
3;"J1,J3";"PinSocket_1x03_P2.54mm_Vertical";2;"Conn_01x03_Female";;;
4;"U1";"PinSocket_1x03_P2.54mm_Vertical";1;"LM1117-3.3";;;
5;"U2";"ESP-01";1;"ESP-01v090";;;
6;"D1,D2,D3,D4,D5,D6,D7,D8,D9,D10,D11,D12,D13,D14,D15";"LED_WS2812B_PLCC4_5.0x5.0mm_P3.2mm";15;"WS2812";;;
